id;first_nm;last_nm;middle_nm;email;phone_num;work_type;birth_dt;id_title;resource_pool_code;email_curator
1;calculate Investment Account;Soft Investment Account port;innovative Realigned;Carey51@yahoo.com;leading-edge;withdrawal;2020-11-05T18:06:43;9385;silver bypassing Home;bandwidth-monitored Sleek
2;monitor payment Switchable;dot-com;Isle indigo;Carey_Bins82@yahoo.com;synergy internet solution;Granite;2020-11-05T12:28:04;94809;Granite infrastructures;value-added
3;pink;Directives alarm Jersey;time-frame Accounts;Brice60@yahoo.com;Marketing interface;Sausages;2020-11-05T22:58:24;99477;payment Expressway;infrastructures 24 hour Sleek
4;Cambridgeshire Illinois;Small Concrete Chicken;Won Bacon invoice;Daisy43@gmail.com;auxiliary microchip Concrete;1080p;2020-11-06T06:49:40;49016;deliverables;Kids Checking Account
5;National;Pants;withdrawal;Abe17@gmail.com;Operations Ball;Personal Loan Account Soft Crest;2020-11-06T06:42:34;44983;Nebraska;open architecture Malaysia
6;invoice;De-engineered redundant;incentivize;Kayleigh.OHara25@yahoo.com;deposit;Upgradable partnerships;2020-11-05T10:30:03;14242;SMS Configuration Egyptian Pound;Internal Movies
7;adapter systems International;deposit back up Books;Lead;Justine42@gmail.com;bypassing killer Turkish Lira;Glen;2020-11-06T06:56:29;15412;generate circuit Administrator;Sports
8;Gorgeous;Fantastic;moderator Expanded;Zander_Upton71@gmail.com;Soft Global TCP;Licensed Wooden Computer virtual;2020-11-06T06:06:34;15468;supply-chains;Fantastic Pennsylvania
9;web services JBOD quantifying;Awesome Concrete Chair Home value-added;Car transmit Strategist;Shanon.Beahan@yahoo.com;schemas Self-enabling Object-based;Movies Frozen;2020-11-05T17:48:04;16292;Inverse Borders;Bedfordshire
10;applications;attitude Program;Auto Loan Account Montana Accounts;Nadia_Pacocha34@gmail.com;fuchsia;Computer navigating radical;2020-11-06T02:28:29;13834;Principal Garden Rapids;lavender generate Concrete
