id;id_project;project_nm;company_nm;start_dt;end_dt
1;85529;Polarised;Books Gorgeous Fresh Chicken;2020-11-06T01:45:03;2020-11-05T23:01:36
2;6642;Architect Infrastructure Illinois;Center;2020-11-05T12:40:19;2020-11-05T18:17:46
3;64529;functionalities Garden;Tasty Concrete Salad exploit;2020-11-05T18:22:19;2020-11-06T01:51:59
4;41029;Soft;Senior Junctions Assistant;2020-11-06T07:48:07;2020-11-06T08:15:46
5;23989;Mountain world-class;gold SMTP Berkshire;2020-11-06T00:52:47;2020-11-06T11:56:10
6;36549;action-items;solution;2020-11-06T09:30:35;2020-11-05T16:56:12
7;96761;Buckinghamshire;Enhanced turquoise;2020-11-05T20:02:34;2020-11-05T13:00:34
8;7382;copying Fresh Corners;Buckinghamshire Azerbaijanian Manat;2020-11-06T00:19:55;2020-11-05T13:17:02
9;13425;Optional Kwacha multi-byte;iterate Intelligent Radial;2020-11-05T12:52:35;2020-11-06T05:01:25
10;20025;Optional Assurance Faroe Islands;technologies International South Dakota;2020-11-06T06:18:07;2020-11-05T13:44:06
